Order_ID,Date,Customer_Name,Region,Sales_Rep,Product_Category,Units_Sold,Unit_Price,Discount_Pct,Gross_Revenue,Net_Revenue,Profit
ORD-2025-1000,2025-04-13,Client Corp 858,South,Priya Nair,Payment Gateway,15,3200,0.1,48000,43200.0,15869.589646268176
ORD-2025-1001,2025-12-15,Client Corp 357,East,Ananya Verma,Advisory API,18,1500,0.1,27000,24300.0,7778.562855958297
ORD-2025-1002,2025-09-28,Client Corp 596,East,Aarav Sharma,Advisory API,3,7500,0.15,22500,19125.0,7813.197996351959
ORD-2025-1003,2025-04-17,Client Corp 995,North,Ananya Verma,Payment Gateway,17,3200,0.2,54400,43520.0,8276.692420311341
ORD-2025-1004,2025-03-13,Client Corp 259,Central,Vikram Singh,FinTech Software,4,3200,0.2,12800,10240.0,2495.2655156563155
ORD-2025-1005,2025-07-08,Client Corp 574,West,Aarav Sharma,Payment Gateway,4,7500,0.05,30000,28500.0,9244.628534410796
ORD-2025-1006,2025-01-21,Client Corp 951,South,Vikram Singh,Risk Engine,14,1500,0.2,21000,16800.0,4219.729566014312
ORD-2025-1007,2025-04-13,Client Corp 763,North,Priya Nair,FinTech Software,9,1500,0.2,13500,10800.0,3795.787433272659
ORD-2025-1008,2025-05-02,Client Corp 789,North,Aarav Sharma,Advisory API,9,25000,0.1,225000,202500.0,73337.65673056584
ORD-2025-1009,2025-08-03,Client Corp 774,South,Vikram Singh,Payment Gateway,23,12000,0.1,276000,248400.0,50823.59171378694
ORD-2025-1010,2025-11-27,Client Corp 479,West,Priya Nair,POS Hardware,18,7500,0.05,135000,128250.0,38901.44040828431
ORD-2025-1011,2025-03-29,Client Corp 644,North,Ananya Verma,POS Hardware,10,7500,0.0,75000,75000.0,22660.030000639006
ORD-2025-1012,2025-04-10,Client Corp 790,North,Priya Nair,Risk Engine,21,7500,0.05,157500,149625.0,40193.372458440084
ORD-2025-1013,2025-12-26,Client Corp 526,Central,Rohan Mehta,POS Hardware,4,1500,0.05,6000,5700.0,2302.2412119953115
ORD-2025-1014,2025-06-01,Client Corp 712,West,Priya Nair,Payment Gateway,12,12000,0.15,144000,122400.0,46340.82565259575
ORD-2025-1015,2025-05-11,Client Corp 367,North,Priya Nair,Payment Gateway,8,25000,0.15,200000,170000.0,59046.14278191317
ORD-2025-1016,2025-05-30,Client Corp 934,West,Rohan Mehta,POS Hardware,2,3200,0.05,6400,6080.0,2136.7454268645083
ORD-2025-1017,2025-11-05,Client Corp 676,South,Vikram Singh,Payment Gateway,22,3200,0.05,70400,66880.0,19449.498167573136
ORD-2025-1018,2025-09-15,Client Corp 516,East,Vikram Singh,Risk Engine,13,7500,0.05,97500,92625.0,37146.20820397688
ORD-2025-1019,2025-12-10,Client Corp 267,North,Priya Nair,FinTech Software,21,12000,0.2,252000,201600.0,69895.30515222297
ORD-2025-1020,2025-10-21,Client Corp 941,Central,Rohan Mehta,Risk Engine,16,1500,0.15,24000,20400.0,7241.091277866877
ORD-2025-1021,2025-07-11,Client Corp 142,South,Rohan Mehta,Risk Engine,2,12000,0.05,24000,22800.0,8819.172625524354
ORD-2025-1022,2025-10-04,Client Corp 655,West,Ananya Verma,Payment Gateway,11,12000,0.1,132000,118800.0,29198.32915532455
ORD-2025-1023,2025-06-10,Client Corp 384,South,Vikram Singh,FinTech Software,10,1500,0.1,15000,13500.0,5044.909728528118
ORD-2025-1024,2025-11-10,Client Corp 496,North,Aarav Sharma,Payment Gateway,15,7500,0.2,112500,90000.0,20417.197023860226
ORD-2025-1025,2025-01-22,Client Corp 111,West,Vikram Singh,Advisory API,17,12000,0.2,204000,163200.0,42902.35358552776
ORD-2025-1026,2025-09-10,Client Corp 706,East,Vikram Singh,Payment Gateway,8,3200,0.0,25600,25600.0,6669.990631033913
ORD-2025-1027,2025-08-24,Client Corp 401,South,Ananya Verma,Payment Gateway,18,1500,0.0,27000,27000.0,11200.845035161632
ORD-2025-1028,2025-12-11,Client Corp 997,North,Aarav Sharma,Payment Gateway,23,25000,0.0,575000,575000.0,221702.1368772139
ORD-2025-1029,2025-02-18,Client Corp 352,Central,Ananya Verma,FinTech Software,9,7500,0.2,67500,54000.0,18807.161406209765
ORD-2025-1030,2025-02-28,Client Corp 598,West,Aarav Sharma,Payment Gateway,8,1500,0.2,12000,9600.0,3403.1387787618582
ORD-2025-1031,2025-06-19,Client Corp 853,South,Priya Nair,FinTech Software,14,25000,0.2,350000,280000.0,88171.29178385278
ORD-2025-1032,2025-07-07,Client Corp 134,South,Aarav Sharma,POS Hardware,18,25000,0.1,450000,405000.0,164957.21284294807
ORD-2025-1033,2025-09-28,Client Corp 826,East,Ananya Verma,Advisory API,22,12000,0.2,264000,211200.0,63170.36366610115
ORD-2025-1034,2025-07-09,Client Corp 948,East,Vikram Singh,FinTech Software,20,12000,0.1,240000,216000.0,58606.03807965533
ORD-2025-1035,2025-06-24,Client Corp 189,Central,Aarav Sharma,POS Hardware,20,12000,0.0,240000,240000.0,52590.83540725964
ORD-2025-1036,2025-02-20,Client Corp 875,Central,Aarav Sharma,FinTech Software,21,1500,0.0,31500,31500.0,11613.714731093598
ORD-2025-1037,2025-12-30,Client Corp 704,North,Rohan Mehta,FinTech Software,12,1500,0.0,18000,18000.0,6412.797786566554
ORD-2025-1038,2025-02-24,Client Corp 701,North,Vikram Singh,Advisory API,19,7500,0.05,142500,135375.0,36855.19520164914
ORD-2025-1039,2025-09-01,Client Corp 517,Central,Priya Nair,Risk Engine,14,12000,0.05,168000,159600.0,29693.008528294322
ORD-2025-1040,2025-11-16,Client Corp 214,Central,Ananya Verma,Risk Engine,17,25000,0.15,425000,361250.0,137766.06831315154
ORD-2025-1041,2025-05-11,Client Corp 716,West,Priya Nair,FinTech Software,24,3200,0.15,76800,65280.0,11929.287830371662
ORD-2025-1042,2025-11-03,Client Corp 295,East,Vikram Singh,Payment Gateway,21,7500,0.15,157500,133875.0,46707.373919481404
ORD-2025-1043,2025-05-15,Client Corp 925,North,Aarav Sharma,POS Hardware,3,1500,0.05,4500,4275.0,1764.9837945789345
ORD-2025-1044,2025-01-21,Client Corp 600,East,Aarav Sharma,Payment Gateway,23,7500,0.05,172500,163875.0,46710.720036068844
ORD-2025-1045,2025-11-25,Client Corp 725,East,Vikram Singh,Payment Gateway,7,7500,0.15,52500,44625.0,10549.065167506653
ORD-2025-1046,2025-06-16,Client Corp 592,Central,Aarav Sharma,FinTech Software,17,7500,0.15,127500,108375.0,37841.19497122835
ORD-2025-1047,2025-10-01,Client Corp 174,West,Aarav Sharma,FinTech Software,12,7500,0.2,90000,72000.0,27079.974294029307
ORD-2025-1048,2025-03-30,Client Corp 512,South,Aarav Sharma,FinTech Software,9,3200,0.15,28800,24480.0,7616.787393020568
ORD-2025-1049,2025-11-12,Client Corp 475,West,Ananya Verma,FinTech Software,15,12000,0.2,180000,144000.0,59340.73911285241
ORD-2025-1050,2025-01-14,Client Corp 519,West,Ananya Verma,Risk Engine,18,25000,0.1,450000,405000.0,77922.19974515382
ORD-2025-1051,2025-08-30,Client Corp 828,East,Rohan Mehta,FinTech Software,21,7500,0.05,157500,149625.0,45059.70993511561
ORD-2025-1052,2025-09-22,Client Corp 376,West,Priya Nair,Risk Engine,13,7500,0.15,97500,82875.0,29207.549012245523
ORD-2025-1053,2025-12-12,Client Corp 860,North,Vikram Singh,Risk Engine,21,7500,0.05,157500,149625.0,57909.91931896701
ORD-2025-1054,2025-02-22,Client Corp 775,East,Vikram Singh,FinTech Software,8,12000,0.05,96000,91200.0,20339.546833437707
ORD-2025-1055,2025-12-06,Client Corp 493,North,Vikram Singh,Advisory API,14,1500,0.05,21000,19950.0,7421.416670684507
ORD-2025-1056,2025-04-02,Client Corp 968,South,Rohan Mehta,POS Hardware,8,1500,0.1,12000,10800.0,3376.616740262469
ORD-2025-1057,2025-09-21,Client Corp 556,East,Ananya Verma,Payment Gateway,14,3200,0.0,44800,44800.0,12327.745188756086
ORD-2025-1058,2025-02-04,Client Corp 291,South,Rohan Mehta,Risk Engine,7,1500,0.15,10500,8925.0,1888.6335912164184
ORD-2025-1059,2025-07-25,Client Corp 838,East,Vikram Singh,POS Hardware,23,7500,0.0,172500,172500.0,66873.24441882898
ORD-2025-1060,2025-03-22,Client Corp 788,Central,Priya Nair,Advisory API,12,7500,0.0,90000,90000.0,19597.101296681853
ORD-2025-1061,2025-02-19,Client Corp 198,West,Aarav Sharma,Payment Gateway,11,7500,0.0,82500,82500.0,20983.799612340164
ORD-2025-1062,2025-12-26,Client Corp 647,Central,Ananya Verma,Payment Gateway,22,3200,0.05,70400,66880.0,16693.978842635468
ORD-2025-1063,2025-01-02,Client Corp 195,South,Ananya Verma,Risk Engine,22,7500,0.2,165000,132000.0,51366.396603166264
ORD-2025-1064,2025-02-23,Client Corp 763,West,Rohan Mehta,FinTech Software,11,1500,0.05,16500,15675.0,5352.208664213874
ORD-2025-1065,2025-04-16,Client Corp 762,East,Ananya Verma,Advisory API,22,12000,0.05,264000,250800.0,93097.84665974307
ORD-2025-1066,2025-09-17,Client Corp 289,West,Vikram Singh,Risk Engine,13,12000,0.0,156000,156000.0,37457.518130791155
ORD-2025-1067,2025-11-06,Client Corp 835,North,Vikram Singh,Advisory API,18,25000,0.05,450000,427500.0,141062.08261967808
ORD-2025-1068,2025-07-10,Client Corp 136,West,Rohan Mehta,FinTech Software,2,1500,0.0,3000,3000.0,951.657107863499
ORD-2025-1069,2025-08-06,Client Corp 879,North,Vikram Singh,FinTech Software,21,7500,0.2,157500,126000.0,47864.79059407732
ORD-2025-1070,2025-02-13,Client Corp 468,West,Priya Nair,Risk Engine,15,12000,0.15,180000,153000.0,60811.51686087188
ORD-2025-1071,2025-06-11,Client Corp 794,North,Rohan Mehta,FinTech Software,20,1500,0.0,30000,30000.0,5487.528754637185
ORD-2025-1072,2025-07-21,Client Corp 624,South,Priya Nair,POS Hardware,18,12000,0.2,216000,172800.0,59056.95408320624
ORD-2025-1073,2025-09-27,Client Corp 378,Central,Aarav Sharma,Payment Gateway,15,7500,0.15,112500,95625.0,18402.13158979778
ORD-2025-1074,2025-12-17,Client Corp 316,East,Priya Nair,Risk Engine,19,12000,0.1,228000,205200.0,63966.191537729625
ORD-2025-1075,2025-10-31,Client Corp 966,West,Aarav Sharma,Advisory API,23,25000,0.0,575000,575000.0,143193.31660802758
ORD-2025-1076,2025-09-28,Client Corp 972,Central,Aarav Sharma,POS Hardware,24,25000,0.0,600000,600000.0,152175.83033118834
ORD-2025-1077,2025-08-03,Client Corp 897,East,Priya Nair,Risk Engine,12,12000,0.1,144000,129600.0,34306.4212913821
ORD-2025-1078,2025-09-09,Client Corp 372,East,Rohan Mehta,FinTech Software,13,1500,0.1,19500,17550.0,5775.883795396958
ORD-2025-1079,2025-07-09,Client Corp 980,North,Vikram Singh,FinTech Software,22,1500,0.0,33000,33000.0,8585.675728096652
ORD-2025-1080,2025-10-23,Client Corp 161,South,Vikram Singh,FinTech Software,11,1500,0.1,16500,14850.0,5284.339416303759
ORD-2025-1081,2025-08-01,Client Corp 695,South,Aarav Sharma,FinTech Software,5,12000,0.05,60000,57000.0,15793.934634650537
ORD-2025-1082,2025-07-27,Client Corp 979,Central,Aarav Sharma,Advisory API,1,1500,0.15,1500,1275.0,250.41607929484732
ORD-2025-1083,2025-08-25,Client Corp 828,South,Rohan Mehta,POS Hardware,24,7500,0.15,180000,153000.0,56319.66141601642
ORD-2025-1084,2025-12-04,Client Corp 441,West,Ananya Verma,Payment Gateway,3,25000,0.15,75000,63750.0,15847.102366268402
ORD-2025-1085,2025-02-22,Client Corp 496,South,Priya Nair,Advisory API,22,7500,0.05,165000,156750.0,44495.69001052426
ORD-2025-1086,2025-10-07,Client Corp 798,Central,Aarav Sharma,Advisory API,19,1500,0.1,28500,25650.0,8836.592545114025
ORD-2025-1087,2025-08-05,Client Corp 118,South,Vikram Singh,Payment Gateway,23,7500,0.2,172500,138000.0,35850.94792476534
ORD-2025-1088,2025-09-09,Client Corp 276,West,Rohan Mehta,Payment Gateway,7,1500,0.1,10500,9450.0,1829.336268140751
ORD-2025-1089,2025-07-07,Client Corp 711,North,Priya Nair,FinTech Software,12,12000,0.0,144000,144000.0,38842.711384762835
ORD-2025-1090,2025-02-10,Client Corp 495,Central,Rohan Mehta,Advisory API,15,7500,0.15,112500,95625.0,38887.59497283426
ORD-2025-1091,2025-06-06,Client Corp 544,North,Priya Nair,Risk Engine,5,12000,0.1,60000,54000.0,18036.87778898931
ORD-2025-1092,2025-01-15,Client Corp 332,North,Priya Nair,Payment Gateway,15,12000,0.2,180000,144000.0,49126.31937793867
ORD-2025-1093,2025-10-28,Client Corp 175,North,Aarav Sharma,Payment Gateway,8,3200,0.0,25600,25600.0,8492.741551949659
ORD-2025-1094,2025-03-06,Client Corp 364,East,Rohan Mehta,POS Hardware,10,1500,0.05,15000,14250.0,3245.5531152412736
ORD-2025-1095,2025-12-11,Client Corp 554,East,Rohan Mehta,Risk Engine,16,25000,0.05,400000,380000.0,106552.04840612794
ORD-2025-1096,2025-11-23,Client Corp 895,North,Vikram Singh,Risk Engine,8,1500,0.2,12000,9600.0,3458.1652954290853
ORD-2025-1097,2025-01-09,Client Corp 817,Central,Vikram Singh,Payment Gateway,1,25000,0.0,25000,25000.0,5108.237385318955
ORD-2025-1098,2025-12-10,Client Corp 834,West,Aarav Sharma,FinTech Software,12,1500,0.15,18000,15300.0,3774.2753938014234
ORD-2025-1099,2025-05-09,Client Corp 483,West,Aarav Sharma,POS Hardware,5,12000,0.1,60000,54000.0,13301.095645717462
ORD-2025-1100,2025-05-16,Client Corp 663,South,Ananya Verma,Risk Engine,3,7500,0.0,22500,22500.0,6382.902209010333
ORD-2025-1101,2025-03-04,Client Corp 950,Central,Vikram Singh,Payment Gateway,1,7500,0.05,7500,7125.0,2958.9305470111367
ORD-2025-1102,2025-05-19,Client Corp 605,East,Priya Nair,Risk Engine,4,3200,0.2,12800,10240.0,2009.0942587301606
ORD-2025-1103,2025-03-22,Client Corp 466,North,Rohan Mehta,POS Hardware,8,25000,0.2,200000,160000.0,48718.11818421484
ORD-2025-1104,2025-06-12,Client Corp 243,South,Aarav Sharma,POS Hardware,3,25000,0.1,75000,67500.0,15055.707848597809
ORD-2025-1105,2025-10-16,Client Corp 984,West,Rohan Mehta,Advisory API,10,25000,0.2,250000,200000.0,82592.47417966771
ORD-2025-1106,2025-09-18,Client Corp 168,East,Rohan Mehta,Payment Gateway,2,12000,0.2,24000,19200.0,3978.102549784155
ORD-2025-1107,2025-08-19,Client Corp 198,East,Ananya Verma,POS Hardware,11,25000,0.0,275000,275000.0,76137.66615586502
ORD-2025-1108,2025-02-10,Client Corp 495,North,Vikram Singh,Advisory API,10,7500,0.15,75000,63750.0,22764.640267969473
ORD-2025-1109,2025-01-28,Client Corp 124,West,Aarav Sharma,Advisory API,21,12000,0.1,252000,226800.0,79174.3066263899
ORD-2025-1110,2025-05-15,Client Corp 990,Central,Rohan Mehta,Risk Engine,14,1500,0.0,21000,21000.0,5910.552329945418
ORD-2025-1111,2025-07-20,Client Corp 568,East,Aarav Sharma,Risk Engine,7,25000,0.15,175000,148750.0,39145.91279591204
ORD-2025-1112,2025-11-24,Client Corp 583,North,Priya Nair,Advisory API,2,25000,0.0,50000,50000.0,13771.348542634445
ORD-2025-1113,2025-09-25,Client Corp 664,Central,Ananya Verma,Risk Engine,9,1500,0.0,13500,13500.0,3286.255092633991
ORD-2025-1114,2025-02-02,Client Corp 250,West,Priya Nair,POS Hardware,16,25000,0.2,400000,320000.0,73369.56969268221
ORD-2025-1115,2025-02-17,Client Corp 243,East,Aarav Sharma,FinTech Software,13,1500,0.15,19500,16575.0,4905.031916889264
ORD-2025-1116,2025-03-03,Client Corp 668,Central,Aarav Sharma,POS Hardware,9,12000,0.1,108000,97200.0,23760.355461545143
ORD-2025-1117,2025-08-04,Client Corp 138,Central,Vikram Singh,Advisory API,20,7500,0.1,150000,135000.0,33613.757942670905
ORD-2025-1118,2025-10-20,Client Corp 208,Central,Rohan Mehta,Advisory API,4,1500,0.15,6000,5100.0,1721.8694216928575
ORD-2025-1119,2025-04-09,Client Corp 792,East,Rohan Mehta,POS Hardware,22,3200,0.2,70400,56320.0,23229.125405121104
ORD-2025-1120,2025-06-21,Client Corp 141,East,Priya Nair,Risk Engine,10,1500,0.05,15000,14250.0,4629.439225913063
ORD-2025-1121,2025-12-26,Client Corp 285,South,Ananya Verma,Risk Engine,22,25000,0.0,550000,550000.0,109161.28965257555
ORD-2025-1122,2025-08-02,Client Corp 497,West,Rohan Mehta,Advisory API,12,12000,0.2,144000,115200.0,22825.735755837242
ORD-2025-1123,2025-02-04,Client Corp 322,North,Vikram Singh,Payment Gateway,17,12000,0.15,204000,173400.0,70806.42875870908
ORD-2025-1124,2025-08-15,Client Corp 733,Central,Priya Nair,Risk Engine,14,1500,0.0,21000,21000.0,5278.345583148962
ORD-2025-1125,2025-04-11,Client Corp 232,South,Priya Nair,POS Hardware,14,7500,0.1,105000,94500.0,19098.07924435054
ORD-2025-1126,2025-05-11,Client Corp 262,North,Vikram Singh,Risk Engine,2,3200,0.05,6400,6080.0,1968.5258615698367
ORD-2025-1127,2025-09-14,Client Corp 314,South,Ananya Verma,POS Hardware,21,12000,0.1,252000,226800.0,74770.45029989576
ORD-2025-1128,2025-01-05,Client Corp 832,East,Vikram Singh,Advisory API,20,25000,0.15,500000,425000.0,142647.4916521062
ORD-2025-1129,2025-08-06,Client Corp 334,Central,Ananya Verma,Risk Engine,11,25000,0.0,275000,275000.0,67148.53383859772
ORD-2025-1130,2025-09-12,Client Corp 942,North,Vikram Singh,POS Hardware,16,7500,0.15,120000,102000.0,18729.909549570348
ORD-2025-1131,2025-12-25,Client Corp 757,North,Vikram Singh,Advisory API,19,12000,0.0,228000,228000.0,93845.6410165487
ORD-2025-1132,2025-10-10,Client Corp 850,North,Aarav Sharma,Payment Gateway,23,1500,0.2,34500,27600.0,6629.915534657863
ORD-2025-1133,2025-07-26,Client Corp 687,North,Priya Nair,POS Hardware,6,25000,0.05,150000,142500.0,48770.09905139713
ORD-2025-1134,2025-01-15,Client Corp 108,North,Vikram Singh,Payment Gateway,24,7500,0.2,180000,144000.0,50341.1283030082
ORD-2025-1135,2025-12-12,Client Corp 173,South,Vikram Singh,Payment Gateway,19,12000,0.2,228000,182400.0,59535.68469007156
ORD-2025-1136,2025-02-11,Client Corp 591,Central,Rohan Mehta,FinTech Software,5,12000,0.15,60000,51000.0,13009.986505175055
ORD-2025-1137,2025-06-28,Client Corp 352,East,Priya Nair,Risk Engine,4,12000,0.05,48000,45600.0,11174.877401193935
ORD-2025-1138,2025-03-04,Client Corp 329,East,Rohan Mehta,POS Hardware,15,12000,0.0,180000,180000.0,58219.269812756764
ORD-2025-1139,2025-12-18,Client Corp 618,East,Priya Nair,Payment Gateway,4,12000,0.0,48000,48000.0,18617.421699206687
ORD-2025-1140,2025-08-19,Client Corp 273,East,Rohan Mehta,FinTech Software,20,25000,0.1,500000,450000.0,183247.24272372673
ORD-2025-1141,2025-08-29,Client Corp 752,South,Vikram Singh,Advisory API,10,7500,0.0,75000,75000.0,15406.304479267637
ORD-2025-1142,2025-02-21,Client Corp 267,West,Vikram Singh,POS Hardware,24,12000,0.15,288000,244800.0,53160.49064734124
ORD-2025-1143,2025-04-06,Client Corp 269,Central,Aarav Sharma,Payment Gateway,22,3200,0.2,70400,56320.0,22907.41106271913
ORD-2025-1144,2025-08-10,Client Corp 492,North,Rohan Mehta,Risk Engine,3,3200,0.2,9600,7680.0,2739.98173286669
ORD-2025-1145,2025-08-19,Client Corp 894,West,Ananya Verma,FinTech Software,5,7500,0.2,37500,30000.0,11757.555538774366
ORD-2025-1146,2025-08-25,Client Corp 733,East,Aarav Sharma,Payment Gateway,6,1500,0.05,9000,8550.0,1954.802165245724
ORD-2025-1147,2025-05-23,Client Corp 293,West,Rohan Mehta,Risk Engine,21,1500,0.0,31500,31500.0,10112.149185587077
ORD-2025-1148,2025-06-20,Client Corp 616,Central,Rohan Mehta,Payment Gateway,22,1500,0.15,33000,28050.0,9769.071749618432
ORD-2025-1149,2025-01-29,Client Corp 128,North,Aarav Sharma,POS Hardware,8,3200,0.05,25600,24320.0,8347.27705297689
ORD-2025-1150,2025-02-05,Client Corp 264,North,Vikram Singh,POS Hardware,7,1500,0.1,10500,9450.0,2626.688034885671
ORD-2025-1151,2025-01-13,Client Corp 521,Central,Rohan Mehta,POS Hardware,21,25000,0.15,525000,446250.0,81973.79290013913
ORD-2025-1152,2025-06-09,Client Corp 438,Central,Vikram Singh,FinTech Software,10,12000,0.15,120000,102000.0,32630.029870568364
ORD-2025-1153,2025-11-23,Client Corp 747,East,Aarav Sharma,POS Hardware,6,3200,0.15,19200,16320.0,3928.9481086586916
ORD-2025-1154,2025-07-06,Client Corp 595,North,Vikram Singh,Risk Engine,14,7500,0.2,105000,84000.0,24197.125602240667
ORD-2025-1155,2025-08-31,Client Corp 464,West,Priya Nair,Payment Gateway,4,7500,0.15,30000,25500.0,10450.395812312961
ORD-2025-1156,2025-03-27,Client Corp 932,South,Ananya Verma,Advisory API,13,12000,0.0,156000,156000.0,43019.882292532755
ORD-2025-1157,2025-10-11,Client Corp 441,South,Rohan Mehta,Risk Engine,20,3200,0.15,64000,54400.0,20756.449776610752
ORD-2025-1158,2025-03-07,Client Corp 599,Central,Ananya Verma,Risk Engine,17,1500,0.2,25500,20400.0,4595.094805748333
ORD-2025-1159,2025-06-19,Client Corp 756,East,Vikram Singh,POS Hardware,23,1500,0.15,34500,29325.0,10011.276985100152
ORD-2025-1160,2025-02-14,Client Corp 610,South,Rohan Mehta,FinTech Software,7,25000,0.1,175000,157500.0,65280.86287779207
ORD-2025-1161,2025-03-03,Client Corp 426,North,Vikram Singh,Payment Gateway,4,25000,0.1,100000,90000.0,18400.890978855434
ORD-2025-1162,2025-05-14,Client Corp 316,Central,Priya Nair,FinTech Software,14,1500,0.2,21000,16800.0,3057.546007060038
ORD-2025-1163,2025-10-11,Client Corp 400,West,Aarav Sharma,Payment Gateway,3,7500,0.0,22500,22500.0,6391.347080216117
ORD-2025-1164,2025-01-28,Client Corp 231,Central,Rohan Mehta,Payment Gateway,24,7500,0.0,180000,180000.0,36401.42086781906
ORD-2025-1165,2025-04-18,Client Corp 903,West,Priya Nair,FinTech Software,5,25000,0.05,125000,118750.0,42703.95396577259
ORD-2025-1166,2025-02-13,Client Corp 169,Central,Priya Nair,Risk Engine,16,12000,0.2,192000,153600.0,61361.921944113274
ORD-2025-1167,2025-12-06,Client Corp 351,Central,Rohan Mehta,Payment Gateway,23,1500,0.15,34500,29325.0,8333.139605924245
ORD-2025-1168,2025-10-13,Client Corp 514,Central,Vikram Singh,FinTech Software,20,25000,0.2,500000,400000.0,96836.31764692233
ORD-2025-1169,2025-11-27,Client Corp 886,West,Priya Nair,Payment Gateway,4,25000,0.05,100000,95000.0,27004.3956733507
ORD-2025-1170,2025-05-08,Client Corp 544,West,Ananya Verma,Advisory API,24,1500,0.2,36000,28800.0,10184.471316979208
ORD-2025-1171,2025-12-14,Client Corp 975,Central,Priya Nair,Risk Engine,24,1500,0.2,36000,28800.0,5246.5823648435235
ORD-2025-1172,2025-08-19,Client Corp 281,South,Vikram Singh,POS Hardware,2,7500,0.05,15000,14250.0,4580.932644037664
ORD-2025-1173,2025-07-09,Client Corp 266,East,Vikram Singh,Payment Gateway,18,12000,0.0,216000,216000.0,70673.04094456173
ORD-2025-1174,2025-08-13,Client Corp 190,East,Ananya Verma,Advisory API,19,12000,0.15,228000,193800.0,64544.155739623755
ORD-2025-1175,2025-10-10,Client Corp 813,East,Priya Nair,POS Hardware,19,1500,0.05,28500,27075.0,6446.15947571574
ORD-2025-1176,2025-05-01,Client Corp 957,West,Vikram Singh,POS Hardware,17,3200,0.1,54400,48960.0,17203.205120782342
ORD-2025-1177,2025-04-26,Client Corp 630,West,Rohan Mehta,Payment Gateway,14,25000,0.0,350000,350000.0,70676.88485186921
ORD-2025-1178,2025-08-21,Client Corp 138,South,Aarav Sharma,FinTech Software,19,25000,0.1,475000,427500.0,97395.13652149377
ORD-2025-1179,2025-09-16,Client Corp 225,East,Aarav Sharma,Payment Gateway,22,1500,0.0,33000,33000.0,12889.562769503496
ORD-2025-1180,2025-12-25,Client Corp 550,East,Aarav Sharma,Advisory API,24,3200,0.15,76800,65280.0,23324.12334706326
ORD-2025-1181,2025-07-17,Client Corp 272,Central,Priya Nair,POS Hardware,13,7500,0.15,97500,82875.0,15190.899069285655
ORD-2025-1182,2025-05-17,Client Corp 752,West,Ananya Verma,Payment Gateway,12,1500,0.2,18000,14400.0,3450.3883558380294
ORD-2025-1183,2025-11-14,Client Corp 853,East,Vikram Singh,FinTech Software,6,1500,0.1,9000,8100.0,1874.8062029387117
ORD-2025-1184,2025-06-14,Client Corp 319,South,Rohan Mehta,Payment Gateway,21,25000,0.0,525000,525000.0,128621.59733265855
ORD-2025-1185,2025-08-13,Client Corp 737,South,Rohan Mehta,Risk Engine,4,1500,0.15,6000,5100.0,1221.0131588225809
ORD-2025-1186,2025-11-03,Client Corp 157,East,Priya Nair,FinTech Software,19,1500,0.05,28500,27075.0,5279.795869737011
ORD-2025-1187,2025-08-22,Client Corp 759,West,Aarav Sharma,Advisory API,16,1500,0.15,24000,20400.0,5918.972769258033
ORD-2025-1188,2025-06-21,Client Corp 575,South,Priya Nair,POS Hardware,13,25000,0.05,325000,308750.0,109870.55048165482
ORD-2025-1189,2025-06-01,Client Corp 555,Central,Ananya Verma,Payment Gateway,4,7500,0.0,30000,30000.0,9768.468417965541
ORD-2025-1190,2025-11-11,Client Corp 928,South,Ananya Verma,FinTech Software,23,7500,0.15,172500,146625.0,50070.85401796643
ORD-2025-1191,2025-06-09,Client Corp 994,North,Vikram Singh,Risk Engine,17,1500,0.15,25500,21675.0,4323.638026745516
ORD-2025-1192,2025-04-06,Client Corp 460,North,Vikram Singh,FinTech Software,23,25000,0.0,575000,575000.0,234805.71800439665
ORD-2025-1193,2025-08-21,Client Corp 100,West,Ananya Verma,Risk Engine,1,7500,0.15,7500,6375.0,2430.3925057798283
ORD-2025-1194,2025-06-29,Client Corp 486,East,Ananya Verma,Advisory API,18,7500,0.05,135000,128250.0,47865.6800032965
ORD-2025-1195,2025-04-23,Client Corp 447,West,Ananya Verma,POS Hardware,20,7500,0.15,150000,127500.0,48133.304434278085
ORD-2025-1196,2025-11-14,Client Corp 289,West,Priya Nair,Advisory API,17,25000,0.1,425000,382500.0,154472.82464658748
ORD-2025-1197,2025-02-21,Client Corp 604,West,Ananya Verma,Payment Gateway,15,25000,0.2,375000,300000.0,93186.28556018624
ORD-2025-1198,2025-09-25,Client Corp 290,West,Rohan Mehta,FinTech Software,11,1500,0.05,16500,15675.0,3574.9609512180086
ORD-2025-1199,2025-10-22,Client Corp 607,Central,Aarav Sharma,Risk Engine,22,12000,0.1,264000,237600.0,77939.4684541833
ORD-2025-1200,2025-04-23,Client Corp 468,Central,Ananya Verma,Risk Engine,13,7500,0.0,97500,97500.0,34933.42695182977
ORD-2025-1201,2025-04-11,Client Corp 508,South,Aarav Sharma,FinTech Software,1,12000,0.05,12000,11400.0,4070.9419882166135
ORD-2025-1202,2025-04-23,Client Corp 923,North,Priya Nair,FinTech Software,17,25000,0.2,425000,340000.0,103750.2403720174
ORD-2025-1203,2025-03-22,Client Corp 216,West,Aarav Sharma,Payment Gateway,6,25000,0.2,150000,120000.0,23571.61111680705
ORD-2025-1204,2025-07-06,Client Corp 233,South,Priya Nair,Advisory API,4,25000,0.0,100000,100000.0,26906.71052232307
ORD-2025-1205,2025-04-23,Client Corp 157,North,Rohan Mehta,Risk Engine,20,12000,0.0,240000,240000.0,96236.15664748939
ORD-2025-1206,2025-01-02,Client Corp 655,East,Priya Nair,Payment Gateway,16,25000,0.05,400000,380000.0,121701.74056987725
ORD-2025-1207,2025-05-10,Client Corp 784,Central,Priya Nair,Advisory API,15,1500,0.15,22500,19125.0,5913.443619543724
ORD-2025-1208,2025-08-08,Client Corp 771,North,Vikram Singh,Payment Gateway,15,25000,0.0,375000,375000.0,91696.81629439742
ORD-2025-1209,2025-02-23,Client Corp 272,East,Ananya Verma,Risk Engine,6,3200,0.15,19200,16320.0,4380.740729529256
ORD-2025-1210,2025-12-09,Client Corp 928,North,Ananya Verma,FinTech Software,15,12000,0.1,180000,162000.0,63971.05594627522
ORD-2025-1211,2025-08-12,Client Corp 914,Central,Rohan Mehta,FinTech Software,14,3200,0.2,44800,35840.0,12183.84854960683
ORD-2025-1212,2025-08-13,Client Corp 248,Central,Rohan Mehta,Advisory API,11,25000,0.15,275000,233750.0,86247.41220080586
ORD-2025-1213,2025-05-06,Client Corp 179,South,Ananya Verma,POS Hardware,7,1500,0.2,10500,8400.0,2427.960372904393
ORD-2025-1214,2025-05-10,Client Corp 985,West,Vikram Singh,Advisory API,9,7500,0.15,67500,57375.0,19006.004211911295
ORD-2025-1215,2025-02-22,Client Corp 312,North,Ananya Verma,POS Hardware,16,25000,0.1,400000,360000.0,86260.34379541312
ORD-2025-1216,2025-06-21,Client Corp 302,North,Vikram Singh,Payment Gateway,5,1500,0.0,7500,7500.0,2619.8294945102753
ORD-2025-1217,2025-08-06,Client Corp 863,East,Rohan Mehta,Payment Gateway,20,12000,0.1,240000,216000.0,61046.853139181
ORD-2025-1218,2025-06-09,Client Corp 328,Central,Aarav Sharma,Risk Engine,10,3200,0.0,32000,32000.0,9158.749553777245
ORD-2025-1219,2025-07-17,Client Corp 775,North,Rohan Mehta,POS Hardware,18,3200,0.0,57600,57600.0,19344.23181495081
ORD-2025-1220,2025-09-04,Client Corp 326,Central,Rohan Mehta,Risk Engine,3,3200,0.2,9600,7680.0,3108.152441491525
ORD-2025-1221,2025-11-20,Client Corp 758,North,Priya Nair,FinTech Software,13,12000,0.1,156000,140400.0,27428.75785532409
ORD-2025-1222,2025-07-22,Client Corp 631,South,Priya Nair,POS Hardware,11,1500,0.15,16500,14025.0,5300.585736910028
ORD-2025-1223,2025-07-03,Client Corp 540,West,Priya Nair,Advisory API,17,12000,0.1,204000,183600.0,45931.569377202875
ORD-2025-1224,2025-05-03,Client Corp 501,North,Priya Nair,FinTech Software,22,3200,0.2,70400,56320.0,16137.970482671806
ORD-2025-1225,2025-09-12,Client Corp 146,Central,Vikram Singh,FinTech Software,13,25000,0.0,325000,325000.0,60209.239644450696
ORD-2025-1226,2025-10-21,Client Corp 332,South,Ananya Verma,Advisory API,6,7500,0.2,45000,36000.0,9081.038112488464
ORD-2025-1227,2025-10-07,Client Corp 404,North,Aarav Sharma,FinTech Software,17,12000,0.05,204000,193800.0,58262.38435721263
ORD-2025-1228,2025-11-21,Client Corp 625,East,Rohan Mehta,POS Hardware,13,12000,0.05,156000,148200.0,28674.07071909371
ORD-2025-1229,2025-04-08,Client Corp 242,West,Vikram Singh,Risk Engine,19,1500,0.15,28500,24225.0,7215.730570633722
ORD-2025-1230,2025-07-17,Client Corp 514,North,Aarav Sharma,FinTech Software,21,1500,0.2,31500,25200.0,10143.165083335769
ORD-2025-1231,2025-08-28,Client Corp 612,South,Vikram Singh,POS Hardware,19,12000,0.15,228000,193800.0,39786.04936063023
ORD-2025-1232,2025-05-24,Client Corp 472,East,Vikram Singh,Payment Gateway,10,3200,0.15,32000,27200.0,9886.269072876892
ORD-2025-1233,2025-04-07,Client Corp 665,South,Rohan Mehta,POS Hardware,3,7500,0.05,22500,21375.0,5949.112503818842
ORD-2025-1234,2025-07-20,Client Corp 985,South,Ananya Verma,Risk Engine,14,1500,0.15,21000,17850.0,6019.764193022264
ORD-2025-1235,2025-05-04,Client Corp 358,East,Priya Nair,POS Hardware,19,3200,0.05,60800,57760.0,14004.303815910442
ORD-2025-1236,2025-07-06,Client Corp 755,South,Ananya Verma,Advisory API,5,25000,0.0,125000,125000.0,27284.76787624075
ORD-2025-1237,2025-11-22,Client Corp 570,East,Rohan Mehta,Risk Engine,5,1500,0.2,7500,6000.0,1311.066164550566
ORD-2025-1238,2025-12-15,Client Corp 111,North,Rohan Mehta,Payment Gateway,20,3200,0.15,64000,54400.0,10712.342842316897
ORD-2025-1239,2025-09-16,Client Corp 429,East,Rohan Mehta,Advisory API,17,3200,0.05,54400,51680.0,11605.013210231096
ORD-2025-1240,2025-05-28,Client Corp 835,East,Aarav Sharma,POS Hardware,21,7500,0.1,157500,141750.0,48111.7434773247
ORD-2025-1241,2025-09-09,Client Corp 883,West,Ananya Verma,Risk Engine,10,7500,0.15,75000,63750.0,24964.866361205673
ORD-2025-1242,2025-12-12,Client Corp 457,East,Ananya Verma,Payment Gateway,5,25000,0.0,125000,125000.0,46923.77056773485
ORD-2025-1243,2025-05-27,Client Corp 507,East,Vikram Singh,Advisory API,4,3200,0.0,12800,12800.0,4408.732599934415
ORD-2025-1244,2025-05-28,Client Corp 767,North,Vikram Singh,Payment Gateway,6,3200,0.1,19200,17280.0,3568.3830239385247
ORD-2025-1245,2025-12-18,Client Corp 472,West,Vikram Singh,POS Hardware,4,7500,0.05,30000,28500.0,7108.042132664296
ORD-2025-1246,2025-07-18,Client Corp 107,Central,Rohan Mehta,Payment Gateway,7,1500,0.15,10500,8925.0,2270.106326940728
ORD-2025-1247,2025-11-04,Client Corp 221,North,Ananya Verma,FinTech Software,7,1500,0.05,10500,9975.0,2393.896929675905
ORD-2025-1248,2025-05-08,Client Corp 447,North,Rohan Mehta,Advisory API,18,12000,0.0,216000,216000.0,65577.89339935205
ORD-2025-1249,2025-02-08,Client Corp 775,Central,Aarav Sharma,Payment Gateway,3,7500,0.05,22500,21375.0,6594.89107033272
ORD-2025-1250,2025-12-04,Client Corp 189,East,Vikram Singh,POS Hardware,1,12000,0.0,12000,12000.0,3187.831608492797
ORD-2025-1251,2025-12-26,Client Corp 747,South,Rohan Mehta,POS Hardware,24,7500,0.05,180000,171000.0,45299.50707454333
ORD-2025-1252,2025-05-09,Client Corp 797,West,Rohan Mehta,Payment Gateway,4,25000,0.1,100000,90000.0,34096.80091477135
ORD-2025-1253,2025-09-24,Client Corp 415,South,Aarav Sharma,POS Hardware,6,3200,0.2,19200,15360.0,5674.449156045689
ORD-2025-1254,2025-05-31,Client Corp 277,Central,Priya Nair,Risk Engine,9,25000,0.1,225000,202500.0,51408.877419684235
ORD-2025-1255,2025-10-25,Client Corp 639,North,Ananya Verma,Risk Engine,22,7500,0.1,165000,148500.0,59297.42013964296
ORD-2025-1256,2025-04-09,Client Corp 831,North,Priya Nair,Risk Engine,14,3200,0.2,44800,35840.0,14646.933650248755
ORD-2025-1257,2025-09-20,Client Corp 968,West,Vikram Singh,FinTech Software,12,1500,0.2,18000,14400.0,3721.222225255821
ORD-2025-1258,2025-09-09,Client Corp 140,North,Rohan Mehta,Payment Gateway,20,1500,0.15,30000,25500.0,6759.080686613496
ORD-2025-1259,2025-05-24,Client Corp 839,North,Aarav Sharma,FinTech Software,24,12000,0.15,288000,244800.0,73771.01778184692
ORD-2025-1260,2025-12-12,Client Corp 803,West,Aarav Sharma,POS Hardware,4,7500,0.1,30000,27000.0,10958.462865218204
ORD-2025-1261,2025-04-22,Client Corp 601,West,Ananya Verma,FinTech Software,21,7500,0.1,157500,141750.0,55327.387115501435
ORD-2025-1262,2025-03-01,Client Corp 244,Central,Priya Nair,POS Hardware,24,1500,0.0,36000,36000.0,7366.187196722216
ORD-2025-1263,2025-01-02,Client Corp 300,North,Ananya Verma,POS Hardware,12,25000,0.0,300000,300000.0,82276.61351554198
ORD-2025-1264,2025-10-31,Client Corp 823,North,Rohan Mehta,Advisory API,10,3200,0.15,32000,27200.0,8508.40712668651
ORD-2025-1265,2025-09-11,Client Corp 560,Central,Ananya Verma,Risk Engine,22,25000,0.15,550000,467500.0,140601.4634202828
ORD-2025-1266,2025-05-20,Client Corp 831,East,Aarav Sharma,POS Hardware,7,25000,0.0,175000,175000.0,39642.24885334949
ORD-2025-1267,2025-02-06,Client Corp 851,East,Aarav Sharma,Advisory API,3,1500,0.0,4500,4500.0,1737.5221128616072
ORD-2025-1268,2025-06-09,Client Corp 657,East,Vikram Singh,Risk Engine,23,1500,0.05,34500,32775.0,11224.316199053123
ORD-2025-1269,2025-01-09,Client Corp 646,Central,Vikram Singh,POS Hardware,14,1500,0.05,21000,19950.0,7602.905298790436
ORD-2025-1270,2025-08-21,Client Corp 352,North,Rohan Mehta,POS Hardware,24,12000,0.0,288000,288000.0,111197.78698863552
ORD-2025-1271,2025-04-09,Client Corp 489,Central,Priya Nair,FinTech Software,10,25000,0.05,250000,237500.0,85406.28365894717
ORD-2025-1272,2025-05-27,Client Corp 693,Central,Ananya Verma,FinTech Software,16,7500,0.2,120000,96000.0,27399.41225279349
ORD-2025-1273,2025-10-31,Client Corp 982,East,Rohan Mehta,Risk Engine,16,3200,0.15,51200,43520.0,14210.638746785105
ORD-2025-1274,2025-07-27,Client Corp 355,South,Vikram Singh,POS Hardware,22,12000,0.15,264000,224400.0,49028.63931198489
ORD-2025-1275,2025-05-11,Client Corp 808,North,Ananya Verma,Payment Gateway,10,7500,0.0,75000,75000.0,25625.61751454834
ORD-2025-1276,2025-06-01,Client Corp 914,East,Vikram Singh,FinTech Software,13,25000,0.1,325000,292500.0,65233.5785528975
ORD-2025-1277,2025-02-23,Client Corp 549,South,Ananya Verma,Risk Engine,6,1500,0.0,9000,9000.0,3118.931115501939
ORD-2025-1278,2025-04-30,Client Corp 109,South,Priya Nair,POS Hardware,12,25000,0.05,300000,285000.0,67004.51419557145
ORD-2025-1279,2025-06-10,Client Corp 923,West,Rohan Mehta,POS Hardware,9,3200,0.1,28800,25920.0,5396.863127974488
ORD-2025-1280,2025-04-26,Client Corp 897,North,Ananya Verma,Payment Gateway,13,12000,0.05,156000,148200.0,32554.838745404708
ORD-2025-1281,2025-03-16,Client Corp 341,South,Aarav Sharma,Risk Engine,4,12000,0.2,48000,38400.0,6930.3595181789515
ORD-2025-1282,2025-04-23,Client Corp 350,East,Aarav Sharma,POS Hardware,24,3200,0.05,76800,72960.0,25718.218204462457
ORD-2025-1283,2025-04-14,Client Corp 976,West,Ananya Verma,FinTech Software,11,7500,0.2,82500,66000.0,23481.232617084723
ORD-2025-1284,2025-12-06,Client Corp 104,North,Ananya Verma,Payment Gateway,20,7500,0.2,150000,120000.0,36430.08047750188
ORD-2025-1285,2025-09-11,Client Corp 218,Central,Ananya Verma,Risk Engine,18,12000,0.05,216000,205200.0,44882.795226375536
ORD-2025-1286,2025-08-15,Client Corp 900,East,Aarav Sharma,Payment Gateway,11,12000,0.05,132000,125400.0,25086.65134172172
ORD-2025-1287,2025-04-22,Client Corp 473,South,Aarav Sharma,FinTech Software,21,1500,0.2,31500,25200.0,4651.691989012712
ORD-2025-1288,2025-04-09,Client Corp 164,South,Ananya Verma,Risk Engine,4,7500,0.1,30000,27000.0,5934.048186734631
ORD-2025-1289,2025-06-02,Client Corp 245,East,Vikram Singh,Payment Gateway,18,3200,0.2,57600,46080.0,18146.549532485613
ORD-2025-1290,2025-12-15,Client Corp 323,South,Vikram Singh,Advisory API,1,7500,0.15,7500,6375.0,1517.0513678035732
ORD-2025-1291,2025-12-04,Client Corp 338,West,Priya Nair,FinTech Software,7,1500,0.2,10500,8400.0,2226.2109956699064
ORD-2025-1292,2025-07-13,Client Corp 276,North,Rohan Mehta,FinTech Software,6,12000,0.1,72000,64800.0,13302.332974653693
ORD-2025-1293,2025-11-06,Client Corp 878,West,Vikram Singh,FinTech Software,15,12000,0.15,180000,153000.0,35705.107110352816
ORD-2025-1294,2025-06-12,Client Corp 952,South,Aarav Sharma,Advisory API,18,1500,0.0,27000,27000.0,8224.57521865573
ORD-2025-1295,2025-07-27,Client Corp 381,Central,Vikram Singh,Advisory API,24,3200,0.0,76800,76800.0,25026.097454819068
ORD-2025-1296,2025-06-18,Client Corp 162,North,Priya Nair,POS Hardware,11,12000,0.1,132000,118800.0,28379.48518150701
ORD-2025-1297,2025-06-10,Client Corp 316,North,Priya Nair,Payment Gateway,20,25000,0.2,500000,400000.0,77542.28728561124
ORD-2025-1298,2025-03-09,Client Corp 953,East,Rohan Mehta,POS Hardware,24,12000,0.05,288000,273600.0,74924.7823183815
ORD-2025-1299,2025-10-16,Client Corp 926,East,Vikram Singh,Payment Gateway,15,25000,0.1,375000,337500.0,79720.47304503307
ORD-2025-1300,2025-10-04,Client Corp 894,Central,Aarav Sharma,Advisory API,16,1500,0.15,24000,20400.0,4746.936008133111
ORD-2025-1301,2025-10-31,Client Corp 788,North,Aarav Sharma,Advisory API,7,1500,0.15,10500,8925.0,3662.526123412221
ORD-2025-1302,2025-05-15,Client Corp 560,Central,Ananya Verma,POS Hardware,21,12000,0.0,252000,252000.0,82633.8533887878
ORD-2025-1303,2025-07-14,Client Corp 709,East,Aarav Sharma,Risk Engine,10,7500,0.15,75000,63750.0,19995.24018053307
ORD-2025-1304,2025-05-08,Client Corp 204,East,Rohan Mehta,POS Hardware,12,25000,0.1,300000,270000.0,75542.22670831125
ORD-2025-1305,2025-02-02,Client Corp 198,North,Rohan Mehta,Payment Gateway,24,3200,0.15,76800,65280.0,18470.756660716754
ORD-2025-1306,2025-06-25,Client Corp 610,West,Aarav Sharma,POS Hardware,14,12000,0.1,168000,151200.0,46844.36077927628
ORD-2025-1307,2025-01-22,Client Corp 484,South,Aarav Sharma,FinTech Software,5,3200,0.05,16000,15200.0,5276.575936067719
ORD-2025-1308,2025-08-26,Client Corp 504,East,Ananya Verma,Payment Gateway,21,12000,0.0,252000,252000.0,87825.79589707704
ORD-2025-1309,2025-06-07,Client Corp 922,East,Aarav Sharma,Payment Gateway,18,7500,0.15,135000,114750.0,25383.45021820808
ORD-2025-1310,2025-02-07,Client Corp 617,West,Ananya Verma,Risk Engine,5,7500,0.1,37500,33750.0,10125.913291820678
ORD-2025-1311,2025-08-18,Client Corp 575,West,Ananya Verma,Advisory API,3,7500,0.2,22500,18000.0,5019.65897054732
ORD-2025-1312,2025-12-31,Client Corp 808,Central,Aarav Sharma,Payment Gateway,23,7500,0.0,172500,172500.0,67089.8164035525
ORD-2025-1313,2025-02-20,Client Corp 962,Central,Priya Nair,Advisory API,5,1500,0.05,7500,7125.0,2362.2263552834233
ORD-2025-1314,2025-09-21,Client Corp 744,South,Priya Nair,POS Hardware,24,1500,0.1,36000,32400.0,9972.751620450674
ORD-2025-1315,2025-10-10,Client Corp 969,South,Ananya Verma,FinTech Software,17,25000,0.05,425000,403750.0,83856.7408271371
ORD-2025-1316,2025-01-27,Client Corp 870,North,Aarav Sharma,Risk Engine,19,3200,0.05,60800,57760.0,18792.39467695686
ORD-2025-1317,2025-08-14,Client Corp 536,Central,Priya Nair,Advisory API,19,12000,0.15,228000,193800.0,40335.388060999016
ORD-2025-1318,2025-10-04,Client Corp 122,East,Aarav Sharma,Payment Gateway,21,12000,0.15,252000,214200.0,55891.11563668418
ORD-2025-1319,2025-10-13,Client Corp 664,Central,Aarav Sharma,Advisory API,12,1500,0.1,18000,16200.0,3471.3695591981223
ORD-2025-1320,2025-04-07,Client Corp 776,East,Aarav Sharma,Payment Gateway,9,12000,0.2,108000,86400.0,29902.839144697315
ORD-2025-1321,2025-10-11,Client Corp 813,West,Vikram Singh,Advisory API,1,1500,0.1,1500,1350.0,309.82568488291344
ORD-2025-1322,2025-11-13,Client Corp 557,Central,Aarav Sharma,Payment Gateway,18,25000,0.2,450000,360000.0,98656.64984344544
ORD-2025-1323,2025-10-31,Client Corp 182,West,Vikram Singh,POS Hardware,21,3200,0.05,67200,63840.0,25214.37067276388
ORD-2025-1324,2025-05-27,Client Corp 244,South,Ananya Verma,Payment Gateway,4,25000,0.0,100000,100000.0,22903.593201575288
ORD-2025-1325,2025-01-04,Client Corp 184,South,Priya Nair,Payment Gateway,10,7500,0.1,75000,67500.0,20376.44203613222
ORD-2025-1326,2025-02-04,Client Corp 177,North,Priya Nair,FinTech Software,7,7500,0.1,52500,47250.0,13259.540637622687
ORD-2025-1327,2025-07-11,Client Corp 556,Central,Priya Nair,Payment Gateway,22,7500,0.2,165000,132000.0,24334.169620328717
ORD-2025-1328,2025-02-18,Client Corp 977,West,Priya Nair,FinTech Software,23,25000,0.05,575000,546250.0,202255.58868939575
ORD-2025-1329,2025-01-17,Client Corp 100,East,Priya Nair,Risk Engine,1,12000,0.05,12000,11400.0,2240.9095996767446
ORD-2025-1330,2025-06-21,Client Corp 150,South,Priya Nair,FinTech Software,17,3200,0.2,54400,43520.0,12787.098843100084
ORD-2025-1331,2025-08-08,Client Corp 784,South,Priya Nair,POS Hardware,24,7500,0.05,180000,171000.0,53790.237224294506
ORD-2025-1332,2025-06-07,Client Corp 816,East,Ananya Verma,FinTech Software,2,7500,0.15,15000,12750.0,4217.9849572406365
ORD-2025-1333,2025-02-15,Client Corp 871,West,Aarav Sharma,Risk Engine,11,7500,0.0,82500,82500.0,28484.90626029594
ORD-2025-1334,2025-01-06,Client Corp 545,West,Rohan Mehta,POS Hardware,9,3200,0.1,28800,25920.0,6241.156843418105
ORD-2025-1335,2025-04-09,Client Corp 548,Central,Vikram Singh,Advisory API,7,7500,0.0,52500,52500.0,9575.732585896463
ORD-2025-1336,2025-08-21,Client Corp 980,Central,Rohan Mehta,Advisory API,22,3200,0.1,70400,63360.0,22405.773707233733
ORD-2025-1337,2025-02-06,Client Corp 587,North,Rohan Mehta,FinTech Software,17,7500,0.15,127500,108375.0,33439.92814903052
ORD-2025-1338,2025-10-07,Client Corp 899,South,Aarav Sharma,FinTech Software,17,25000,0.05,425000,403750.0,153694.8054407824
ORD-2025-1339,2025-12-15,Client Corp 133,Central,Aarav Sharma,Risk Engine,2,25000,0.2,50000,40000.0,15085.328283846664
ORD-2025-1340,2025-10-29,Client Corp 447,West,Aarav Sharma,Risk Engine,6,3200,0.15,19200,16320.0,6240.739933991581
ORD-2025-1341,2025-06-30,Client Corp 194,East,Priya Nair,Payment Gateway,14,25000,0.0,350000,350000.0,103747.95143828136
ORD-2025-1342,2025-04-05,Client Corp 171,West,Ananya Verma,Risk Engine,6,3200,0.2,19200,15360.0,3994.687718413021
ORD-2025-1343,2025-04-09,Client Corp 650,South,Priya Nair,Payment Gateway,2,25000,0.05,50000,47500.0,17573.763509541615
ORD-2025-1344,2025-07-07,Client Corp 253,West,Ananya Verma,POS Hardware,1,25000,0.15,25000,21250.0,6126.5999764492
ORD-2025-1345,2025-04-26,Client Corp 349,North,Ananya Verma,FinTech Software,10,3200,0.2,32000,25600.0,5735.068854702701
ORD-2025-1346,2025-07-10,Client Corp 773,South,Rohan Mehta,POS Hardware,21,12000,0.15,252000,214200.0,82508.50439761627
ORD-2025-1347,2025-09-10,Client Corp 537,East,Rohan Mehta,Risk Engine,5,25000,0.15,125000,106250.0,41630.27685769485
ORD-2025-1348,2025-06-10,Client Corp 217,North,Ananya Verma,POS Hardware,2,7500,0.05,15000,14250.0,4159.779365999381
ORD-2025-1349,2025-09-13,Client Corp 870,South,Ananya Verma,POS Hardware,22,12000,0.1,264000,237600.0,47084.701250113314
ORD-2025-1350,2025-11-19,Client Corp 990,East,Priya Nair,POS Hardware,16,3200,0.2,51200,40960.0,11185.2855943194
ORD-2025-1351,2025-05-08,Client Corp 405,North,Priya Nair,Risk Engine,2,12000,0.05,24000,22800.0,8500.958072579366
ORD-2025-1352,2025-01-18,Client Corp 367,North,Rohan Mehta,POS Hardware,10,1500,0.15,15000,12750.0,5054.42852735146
ORD-2025-1353,2025-10-08,Client Corp 153,South,Aarav Sharma,Payment Gateway,2,1500,0.05,3000,2850.0,652.1753558683555
ORD-2025-1354,2025-08-11,Client Corp 335,Central,Ananya Verma,Risk Engine,16,25000,0.1,400000,360000.0,70586.52007898345
ORD-2025-1355,2025-02-23,Client Corp 488,North,Priya Nair,POS Hardware,16,25000,0.2,400000,320000.0,124980.51480060202
ORD-2025-1356,2025-02-27,Client Corp 833,North,Rohan Mehta,Risk Engine,19,7500,0.1,142500,128250.0,35070.88402176978
ORD-2025-1357,2025-11-19,Client Corp 862,East,Priya Nair,Advisory API,7,12000,0.0,84000,84000.0,26041.901039634075
ORD-2025-1358,2025-12-26,Client Corp 924,West,Ananya Verma,Payment Gateway,22,1500,0.2,33000,26400.0,10885.664985153608
ORD-2025-1359,2025-06-23,Client Corp 500,South,Ananya Verma,POS Hardware,12,25000,0.1,300000,270000.0,52913.39436884164
ORD-2025-1360,2025-10-07,Client Corp 723,South,Vikram Singh,Advisory API,24,12000,0.15,288000,244800.0,82153.97957382552
ORD-2025-1361,2025-04-24,Client Corp 866,Central,Aarav Sharma,Advisory API,15,25000,0.2,375000,300000.0,59335.59042539043
ORD-2025-1362,2025-10-15,Client Corp 402,Central,Vikram Singh,Risk Engine,8,25000,0.2,200000,160000.0,43218.00685311361
ORD-2025-1363,2025-12-08,Client Corp 306,South,Rohan Mehta,Advisory API,6,1500,0.05,9000,8550.0,3188.4274467369523
ORD-2025-1364,2025-05-31,Client Corp 328,Central,Priya Nair,Payment Gateway,10,1500,0.15,15000,12750.0,3621.4250322322414
ORD-2025-1365,2025-05-07,Client Corp 952,East,Rohan Mehta,Payment Gateway,3,25000,0.0,75000,75000.0,31449.282370253106
ORD-2025-1366,2025-06-04,Client Corp 677,South,Ananya Verma,FinTech Software,19,3200,0.1,60800,54720.0,17191.613777346734
ORD-2025-1367,2025-09-30,Client Corp 174,Central,Vikram Singh,Payment Gateway,17,25000,0.05,425000,403750.0,103795.61259042389
ORD-2025-1368,2025-04-14,Client Corp 534,South,Vikram Singh,Advisory API,7,25000,0.1,175000,157500.0,36670.20811919967
ORD-2025-1369,2025-10-26,Client Corp 202,West,Vikram Singh,Payment Gateway,21,7500,0.0,157500,157500.0,41599.67619601692
ORD-2025-1370,2025-09-03,Client Corp 521,North,Rohan Mehta,Risk Engine,20,7500,0.0,150000,150000.0,40411.19785534383
ORD-2025-1371,2025-06-25,Client Corp 803,South,Ananya Verma,FinTech Software,4,7500,0.2,30000,24000.0,4715.790783690015
ORD-2025-1372,2025-02-08,Client Corp 863,North,Priya Nair,Advisory API,14,3200,0.0,44800,44800.0,12037.661792236664
ORD-2025-1373,2025-06-19,Client Corp 837,Central,Priya Nair,FinTech Software,20,3200,0.1,64000,57600.0,16785.633296875047
ORD-2025-1374,2025-09-04,Client Corp 905,North,Rohan Mehta,Advisory API,22,25000,0.15,550000,467500.0,165241.17580119387
ORD-2025-1375,2025-01-26,Client Corp 405,South,Vikram Singh,Risk Engine,15,7500,0.15,112500,95625.0,32284.4416743609
ORD-2025-1376,2025-12-21,Client Corp 197,West,Aarav Sharma,FinTech Software,24,3200,0.2,76800,61440.0,21510.374845747014
ORD-2025-1377,2025-11-02,Client Corp 949,Central,Rohan Mehta,POS Hardware,8,1500,0.1,12000,10800.0,1965.6786634248135
ORD-2025-1378,2025-01-13,Client Corp 897,South,Rohan Mehta,Advisory API,21,25000,0.1,525000,472500.0,109733.48311243278
ORD-2025-1379,2025-11-12,Client Corp 434,Central,Ananya Verma,POS Hardware,15,12000,0.0,180000,180000.0,60984.7612588738
ORD-2025-1380,2025-11-09,Client Corp 958,East,Priya Nair,FinTech Software,22,25000,0.1,550000,495000.0,146597.93693975394
ORD-2025-1381,2025-02-05,Client Corp 534,North,Rohan Mehta,POS Hardware,20,12000,0.05,240000,228000.0,41330.75338857189
ORD-2025-1382,2025-06-22,Client Corp 546,East,Rohan Mehta,POS Hardware,14,7500,0.0,105000,105000.0,39173.264989281924
ORD-2025-1383,2025-01-20,Client Corp 407,South,Vikram Singh,FinTech Software,9,12000,0.05,108000,102600.0,37497.66293270127
ORD-2025-1384,2025-11-17,Client Corp 348,West,Vikram Singh,Risk Engine,8,7500,0.2,60000,48000.0,14957.788757685841
ORD-2025-1385,2025-09-21,Client Corp 265,Central,Aarav Sharma,POS Hardware,17,1500,0.15,25500,21675.0,4247.242220688167
ORD-2025-1386,2025-05-22,Client Corp 580,North,Ananya Verma,POS Hardware,2,12000,0.2,24000,19200.0,6988.10134824615
ORD-2025-1387,2025-05-23,Client Corp 434,Central,Aarav Sharma,Risk Engine,24,25000,0.15,600000,510000.0,163246.54313831893
ORD-2025-1388,2025-04-02,Client Corp 641,South,Vikram Singh,POS Hardware,3,7500,0.2,22500,18000.0,6618.067101322383
ORD-2025-1389,2025-12-20,Client Corp 858,Central,Priya Nair,POS Hardware,8,25000,0.1,200000,180000.0,64875.470071500305
ORD-2025-1390,2025-11-18,Client Corp 205,North,Vikram Singh,POS Hardware,12,3200,0.05,38400,36480.0,13596.843740405255
ORD-2025-1391,2025-10-15,Client Corp 662,South,Ananya Verma,Payment Gateway,1,7500,0.15,7500,6375.0,1940.0523415990758
ORD-2025-1392,2025-08-03,Client Corp 180,Central,Vikram Singh,Risk Engine,10,12000,0.0,120000,120000.0,25641.34612397323
ORD-2025-1393,2025-12-08,Client Corp 232,West,Ananya Verma,POS Hardware,20,7500,0.05,150000,142500.0,48603.58558958535
ORD-2025-1394,2025-02-20,Client Corp 896,South,Ananya Verma,Risk Engine,3,25000,0.0,75000,75000.0,24668.52813093547
ORD-2025-1395,2025-06-02,Client Corp 237,South,Ananya Verma,Advisory API,6,1500,0.05,9000,8550.0,3062.1035401325266
ORD-2025-1396,2025-07-05,Client Corp 283,West,Ananya Verma,Advisory API,7,7500,0.05,52500,49875.0,11010.975642427302
ORD-2025-1397,2025-03-04,Client Corp 500,East,Ananya Verma,POS Hardware,20,12000,0.2,240000,192000.0,43544.45721140532
ORD-2025-1398,2025-07-09,Client Corp 429,North,Priya Nair,Risk Engine,23,3200,0.15,73600,62560.0,24629.764655337887
ORD-2025-1399,2025-05-05,Client Corp 884,East,Aarav Sharma,Risk Engine,18,1500,0.15,27000,22950.0,8261.877713874006
ORD-2025-1400,2025-05-30,Client Corp 607,Central,Rohan Mehta,Risk Engine,11,3200,0.05,35200,33440.0,13308.278558913311
ORD-2025-1401,2025-11-10,Client Corp 951,West,Aarav Sharma,Payment Gateway,19,7500,0.1,142500,128250.0,46438.25758542548
ORD-2025-1402,2025-02-27,Client Corp 168,East,Ananya Verma,Advisory API,5,25000,0.1,125000,112500.0,36373.19326173815
ORD-2025-1403,2025-12-08,Client Corp 645,South,Priya Nair,Risk Engine,19,25000,0.0,475000,475000.0,160071.1320211776
ORD-2025-1404,2025-11-01,Client Corp 873,Central,Vikram Singh,Risk Engine,11,12000,0.0,132000,132000.0,51927.57263041951
ORD-2025-1405,2025-06-29,Client Corp 152,Central,Priya Nair,Payment Gateway,24,25000,0.2,600000,480000.0,153078.53811977553
ORD-2025-1406,2025-06-19,Client Corp 549,East,Ananya Verma,Payment Gateway,12,1500,0.05,18000,17100.0,5673.333995043701
ORD-2025-1407,2025-11-22,Client Corp 304,East,Priya Nair,Risk Engine,10,25000,0.0,250000,250000.0,54388.602960216034
ORD-2025-1408,2025-09-28,Client Corp 225,West,Priya Nair,FinTech Software,8,12000,0.0,96000,96000.0,28199.144911475007
ORD-2025-1409,2025-02-23,Client Corp 846,North,Ananya Verma,Risk Engine,24,7500,0.05,180000,171000.0,60180.93747476038
ORD-2025-1410,2025-04-11,Client Corp 142,East,Priya Nair,Risk Engine,9,7500,0.2,67500,54000.0,13231.417370180094
ORD-2025-1411,2025-09-21,Client Corp 851,East,Rohan Mehta,Payment Gateway,4,25000,0.0,100000,100000.0,22854.100332588838
ORD-2025-1412,2025-02-22,Client Corp 982,South,Rohan Mehta,Payment Gateway,5,3200,0.2,16000,12800.0,3268.0759548654046
ORD-2025-1413,2025-03-01,Client Corp 210,Central,Priya Nair,Risk Engine,21,7500,0.15,157500,133875.0,31856.915177409737
ORD-2025-1414,2025-04-18,Client Corp 860,North,Vikram Singh,Risk Engine,8,25000,0.2,200000,160000.0,37052.6452621976
ORD-2025-1415,2025-01-05,Client Corp 762,South,Ananya Verma,Risk Engine,23,12000,0.1,276000,248400.0,70039.90784842387
ORD-2025-1416,2025-04-13,Client Corp 282,West,Rohan Mehta,Payment Gateway,9,25000,0.1,225000,202500.0,80570.95177473975
ORD-2025-1417,2025-07-15,Client Corp 947,West,Vikram Singh,Risk Engine,15,7500,0.2,112500,90000.0,27152.488369556315
ORD-2025-1418,2025-09-19,Client Corp 194,East,Priya Nair,Risk Engine,15,12000,0.1,180000,162000.0,36466.34440609976
ORD-2025-1419,2025-12-31,Client Corp 473,East,Vikram Singh,POS Hardware,16,25000,0.15,400000,340000.0,67480.88822147933
ORD-2025-1420,2025-12-16,Client Corp 619,West,Aarav Sharma,FinTech Software,14,1500,0.05,21000,19950.0,6924.195622920385
ORD-2025-1421,2025-02-16,Client Corp 459,East,Rohan Mehta,Advisory API,8,12000,0.1,96000,86400.0,23489.715179352934
ORD-2025-1422,2025-12-21,Client Corp 795,North,Priya Nair,FinTech Software,18,1500,0.1,27000,24300.0,9166.918080485815
ORD-2025-1423,2025-11-07,Client Corp 380,East,Ananya Verma,POS Hardware,10,3200,0.2,32000,25600.0,8660.034162528891
ORD-2025-1424,2025-11-04,Client Corp 294,Central,Priya Nair,Advisory API,20,12000,0.15,240000,204000.0,75703.98141850541
ORD-2025-1425,2025-05-24,Client Corp 963,East,Ananya Verma,Risk Engine,6,1500,0.05,9000,8550.0,2097.033272886657
ORD-2025-1426,2025-09-26,Client Corp 294,South,Priya Nair,POS Hardware,12,7500,0.2,90000,72000.0,24923.962180127084
ORD-2025-1427,2025-05-04,Client Corp 766,North,Vikram Singh,Risk Engine,2,7500,0.2,15000,12000.0,2920.49851591791
ORD-2025-1428,2025-04-16,Client Corp 192,South,Vikram Singh,Payment Gateway,7,3200,0.15,22400,19040.0,7718.367323696052
ORD-2025-1429,2025-06-07,Client Corp 771,South,Vikram Singh,POS Hardware,16,12000,0.05,192000,182400.0,60689.920548404996
ORD-2025-1430,2025-05-27,Client Corp 160,Central,Aarav Sharma,Payment Gateway,3,12000,0.15,36000,30600.0,7891.214660487712
ORD-2025-1431,2025-05-25,Client Corp 733,North,Ananya Verma,POS Hardware,13,12000,0.05,156000,148200.0,36261.99791801155
ORD-2025-1432,2025-04-30,Client Corp 150,North,Vikram Singh,POS Hardware,3,3200,0.15,9600,8160.0,1842.7106242043067
ORD-2025-1433,2025-11-15,Client Corp 502,North,Aarav Sharma,Payment Gateway,18,12000,0.2,216000,172800.0,59912.149847240675
ORD-2025-1434,2025-10-02,Client Corp 888,North,Ananya Verma,Advisory API,11,7500,0.2,82500,66000.0,15344.455309887167
ORD-2025-1435,2025-04-02,Client Corp 104,North,Priya Nair,FinTech Software,8,1500,0.0,12000,12000.0,3874.473405871168
ORD-2025-1436,2025-02-27,Client Corp 565,Central,Aarav Sharma,Risk Engine,6,7500,0.1,45000,40500.0,9862.252461714474
ORD-2025-1437,2025-12-12,Client Corp 703,East,Rohan Mehta,POS Hardware,1,7500,0.15,7500,6375.0,2160.312485534619
ORD-2025-1438,2025-08-17,Client Corp 781,South,Aarav Sharma,Risk Engine,1,1500,0.0,1500,1500.0,563.3783022745941
ORD-2025-1439,2025-04-27,Client Corp 928,North,Aarav Sharma,Payment Gateway,23,7500,0.1,172500,155250.0,56934.220559569774
ORD-2025-1440,2025-11-14,Client Corp 633,East,Ananya Verma,Risk Engine,8,3200,0.15,25600,21760.0,7890.269990652914
ORD-2025-1441,2025-10-06,Client Corp 504,East,Priya Nair,Payment Gateway,5,1500,0.05,7500,7125.0,1603.505313733751
ORD-2025-1442,2025-05-07,Client Corp 937,South,Rohan Mehta,Risk Engine,16,7500,0.1,120000,108000.0,21730.937825838726
ORD-2025-1443,2025-05-09,Client Corp 612,Central,Vikram Singh,FinTech Software,11,25000,0.2,275000,220000.0,76504.49814413396
ORD-2025-1444,2025-02-27,Client Corp 744,West,Vikram Singh,FinTech Software,5,7500,0.0,37500,37500.0,10065.124924149162
ORD-2025-1445,2025-05-02,Client Corp 332,West,Aarav Sharma,FinTech Software,4,3200,0.1,12800,11520.0,3268.950846759975
ORD-2025-1446,2025-01-01,Client Corp 623,East,Ananya Verma,FinTech Software,6,12000,0.1,72000,64800.0,12148.430691122816
ORD-2025-1447,2025-08-27,Client Corp 445,South,Ananya Verma,FinTech Software,14,7500,0.2,105000,84000.0,20353.06121738499
ORD-2025-1448,2025-10-17,Client Corp 145,West,Vikram Singh,FinTech Software,22,12000,0.15,264000,224400.0,42205.67640706313
ORD-2025-1449,2025-04-06,Client Corp 645,East,Rohan Mehta,Payment Gateway,19,25000,0.05,475000,451250.0,176440.8191727151
ORD-2025-1450,2025-05-06,Client Corp 177,Central,Priya Nair,POS Hardware,9,7500,0.2,67500,54000.0,12874.421014512154
ORD-2025-1451,2025-04-28,Client Corp 829,West,Rohan Mehta,Risk Engine,12,1500,0.05,18000,17100.0,5365.311743927625
ORD-2025-1452,2025-02-17,Client Corp 912,East,Priya Nair,FinTech Software,11,12000,0.15,132000,112200.0,21245.635146762917
ORD-2025-1453,2025-03-30,Client Corp 172,East,Vikram Singh,Payment Gateway,14,25000,0.1,350000,315000.0,107113.66278270775
ORD-2025-1454,2025-08-25,Client Corp 893,North,Priya Nair,Payment Gateway,23,1500,0.05,34500,32775.0,8440.433101701703
ORD-2025-1455,2025-09-29,Client Corp 348,Central,Ananya Verma,Payment Gateway,16,1500,0.0,24000,24000.0,9492.014516876156
ORD-2025-1456,2025-07-08,Client Corp 146,North,Aarav Sharma,POS Hardware,1,1500,0.0,1500,1500.0,589.7225480162529
ORD-2025-1457,2025-07-11,Client Corp 220,South,Aarav Sharma,Risk Engine,13,1500,0.2,19500,15600.0,4025.8880751463835
ORD-2025-1458,2025-03-10,Client Corp 313,North,Vikram Singh,POS Hardware,23,7500,0.15,172500,146625.0,58097.31391934756
ORD-2025-1459,2025-10-05,Client Corp 338,North,Ananya Verma,Advisory API,21,7500,0.2,157500,126000.0,52803.80804660307
ORD-2025-1460,2025-12-15,Client Corp 155,West,Rohan Mehta,Payment Gateway,21,7500,0.2,157500,126000.0,47640.56968310818
ORD-2025-1461,2025-09-04,Client Corp 449,East,Ananya Verma,Advisory API,13,25000,0.2,325000,260000.0,99519.97209992628
ORD-2025-1462,2025-03-17,Client Corp 206,Central,Aarav Sharma,FinTech Software,2,25000,0.0,50000,50000.0,11988.104833309078
ORD-2025-1463,2025-06-03,Client Corp 930,North,Aarav Sharma,FinTech Software,4,25000,0.0,100000,100000.0,31840.857572586152
ORD-2025-1464,2025-05-24,Client Corp 147,Central,Ananya Verma,POS Hardware,6,3200,0.2,19200,15360.0,3012.7322012493046
ORD-2025-1465,2025-03-27,Client Corp 672,North,Ananya Verma,Risk Engine,23,25000,0.0,575000,575000.0,116598.67528139042
ORD-2025-1466,2025-07-04,Client Corp 436,South,Aarav Sharma,Advisory API,5,7500,0.15,37500,31875.0,13379.028482054673
ORD-2025-1467,2025-10-12,Client Corp 125,North,Rohan Mehta,Risk Engine,3,7500,0.2,22500,18000.0,4651.081557519936
ORD-2025-1468,2025-08-08,Client Corp 903,West,Vikram Singh,POS Hardware,1,3200,0.0,3200,3200.0,1150.605244453514
ORD-2025-1469,2025-03-10,Client Corp 356,East,Vikram Singh,FinTech Software,4,3200,0.05,12800,12160.0,4542.971290753461
ORD-2025-1470,2025-02-16,Client Corp 107,South,Ananya Verma,Risk Engine,20,25000,0.2,500000,400000.0,154370.234016694
ORD-2025-1471,2025-04-04,Client Corp 724,North,Vikram Singh,Risk Engine,2,12000,0.2,24000,19200.0,8053.071194429137
ORD-2025-1472,2025-08-26,Client Corp 966,Central,Aarav Sharma,FinTech Software,5,3200,0.15,16000,13600.0,3236.2445278784166
ORD-2025-1473,2025-07-23,Client Corp 352,South,Aarav Sharma,Advisory API,3,1500,0.1,4500,4050.0,768.221003707628
ORD-2025-1474,2025-08-06,Client Corp 791,South,Ananya Verma,FinTech Software,9,7500,0.1,67500,60750.0,16930.172332361064
ORD-2025-1475,2025-12-07,Client Corp 818,North,Ananya Verma,Risk Engine,20,1500,0.15,30000,25500.0,5386.093699353155
ORD-2025-1476,2025-02-08,Client Corp 402,South,Ananya Verma,Advisory API,6,7500,0.15,45000,38250.0,7090.869662507665
ORD-2025-1477,2025-04-10,Client Corp 738,Central,Rohan Mehta,Advisory API,18,7500,0.15,135000,114750.0,30581.154819476527
ORD-2025-1478,2025-10-16,Client Corp 155,South,Vikram Singh,FinTech Software,6,3200,0.1,19200,17280.0,6360.71927485922
ORD-2025-1479,2025-09-11,Client Corp 825,Central,Ananya Verma,Risk Engine,19,3200,0.15,60800,51680.0,16324.852349402798
ORD-2025-1480,2025-08-10,Client Corp 625,North,Priya Nair,POS Hardware,12,1500,0.0,18000,18000.0,4591.2009133887295
ORD-2025-1481,2025-12-23,Client Corp 573,East,Priya Nair,Risk Engine,11,7500,0.2,82500,66000.0,22244.77736700468
ORD-2025-1482,2025-01-23,Client Corp 127,South,Aarav Sharma,Payment Gateway,2,1500,0.2,3000,2400.0,565.642471857875
ORD-2025-1483,2025-09-07,Client Corp 177,East,Vikram Singh,POS Hardware,15,12000,0.05,180000,171000.0,31370.21454679837
ORD-2025-1484,2025-01-10,Client Corp 315,Central,Ananya Verma,Advisory API,12,1500,0.05,18000,17100.0,6214.906297935097
ORD-2025-1485,2025-09-03,Client Corp 485,South,Priya Nair,POS Hardware,12,25000,0.2,300000,240000.0,79127.60168816692
ORD-2025-1486,2025-11-21,Client Corp 464,West,Vikram Singh,Advisory API,9,1500,0.0,13500,13500.0,4899.86050338311
ORD-2025-1487,2025-04-10,Client Corp 765,East,Aarav Sharma,Advisory API,21,25000,0.1,525000,472500.0,89465.57109238129
ORD-2025-1488,2025-10-17,Client Corp 625,South,Rohan Mehta,POS Hardware,24,25000,0.1,600000,540000.0,205690.7037668525
ORD-2025-1489,2025-06-29,Client Corp 798,East,Vikram Singh,Advisory API,2,25000,0.0,50000,50000.0,16434.31440043564
ORD-2025-1490,2025-08-11,Client Corp 411,South,Vikram Singh,Advisory API,22,12000,0.1,264000,237600.0,74895.05647903758
ORD-2025-1491,2025-09-07,Client Corp 982,North,Rohan Mehta,Payment Gateway,3,1500,0.15,4500,3825.0,1261.89569616914
ORD-2025-1492,2025-05-27,Client Corp 106,East,Vikram Singh,Risk Engine,12,1500,0.2,18000,14400.0,5579.481301177066
ORD-2025-1493,2025-04-06,Client Corp 102,West,Aarav Sharma,Risk Engine,16,12000,0.2,192000,153600.0,49284.82737778755
ORD-2025-1494,2025-09-14,Client Corp 722,West,Aarav Sharma,Payment Gateway,21,7500,0.0,157500,157500.0,50309.924359773184
ORD-2025-1495,2025-11-21,Client Corp 849,Central,Rohan Mehta,POS Hardware,24,3200,0.1,76800,69120.0,28875.778400732575
ORD-2025-1496,2025-01-04,Client Corp 462,South,Ananya Verma,FinTech Software,1,1500,0.05,1500,1425.0,515.3017171374502
ORD-2025-1497,2025-01-16,Client Corp 850,East,Priya Nair,FinTech Software,21,3200,0.05,67200,63840.0,18267.848769600114
ORD-2025-1498,2025-10-07,Client Corp 607,Central,Ananya Verma,FinTech Software,3,12000,0.1,36000,32400.0,11332.719072256046
ORD-2025-1499,2025-12-02,Client Corp 373,East,Vikram Singh,Payment Gateway,20,7500,0.05,150000,142500.0,38961.68213185917
